,Query
0,SELECT * FROM wine
1,SELECT * FROM wine WHERE id = '123'
2,SELECT * FROM wine
3,SELECT * FROM wine
4,SELECT * FROM wine WHERE id = '123'
5,SELECT * FROM wine WHERE id = '123'
6,SELECT * FROM wine
7,SELECT * FROM wine WHERE id = '123'
8,SELECT * FROM wine
9,SELECT * FROM wine
10,SELECT * FROM wine WHERE id = '123'
11,SELECT * FROM wine WHERE id = '123'
12,SELECT * FROM wine
13,SELECT * FROM wine WHERE id = '123'
14,SELECT * FROM wine
15,SELECT * FROM wine WHERE id = '123'
16,SELECT * FROM wine
17,SELECT * FROM wine WHERE id = '123'
18,SELECT * FROM wine
19,SELECT * FROM wine WHERE id = '123'
20,SELECT * FROM wine
21,SELECT * FROM wine
22,SELECT * FROM wine WHERE id = '123'
23,SELECT * FROM wine
24,SELECT * FROM wine WHERE id = '123'
25,SELECT * FROM wine WHERE id = '123'
26,SELECT * FROM wine
27,SELECT * FROM wine
28,SELECT * FROM wine WHERE id = '123'
29,SELECT * FROM wine WHERE id = '123'
30,SELECT * FROM wine
31,SELECT * FROM wine WHERE id = '123'
32,SELECT * FROM wine
33,SELECT * FROM wine
34,SELECT * FROM wine WHERE id = '123'
35,SELECT * FROM wine WHERE id = '123'
36,SELECT * FROM wine
37,SELECT * FROM wine WHERE id = '123'
38,SELECT * FROM wine
39,SELECT * FROM wine WHERE id = '123'
40,SELECT * FROM wine
41,SELECT * FROM wine WHERE id = '123'
42,SELECT * FROM wine
43,SELECT * FROM wine WHERE id = '123'
44,SELECT * FROM wine
45,SELECT * FROM wine WHERE id = '123'
46,SELECT * FROM wine
47,SELECT * FROM wine
48,SELECT * FROM wine WHERE id = '123'
49,SELECT * FROM wine
50,SELECT * FROM wine WHERE id = '123'
51,SELECT * FROM wine WHERE id = '123'
52,SELECT * FROM wine
53,SELECT * FROM wine
54,SELECT * FROM wine WHERE id = '123'
55,SELECT * FROM wine WHERE id = '123'
56,SELECT * FROM wine
57,SELECT * FROM wine WHERE id = '123'
58,SELECT * FROM wine
59,SELECT * FROM wine WHERE id = '123'
60,SELECT * FROM wine
61,SELECT * FROM wine WHERE id = '123'
62,SELECT * FROM wine
63,SELECT * FROM wine WHERE id = '123'
64,SELECT * FROM wine
65,SELECT * FROM wine WHERE id = '123'
66,SELECT * FROM wine
67,SELECT * FROM wine WHERE id = '123'
68,SELECT * FROM wine
69,SELECT * FROM wine
70,SELECT * FROM wine WHERE id = '123'
71,SELECT * FROM wine
72,SELECT * FROM wine WHERE id = '123'
73,SELECT * FROM wine WHERE id = '123'
74,SELECT * FROM wine
75,SELECT * FROM wine WHERE id = '123'
76,SELECT * FROM wine
77,SELECT * FROM wine WHERE id = '123'
78,SELECT * FROM wine
79,SELECT * FROM wine WHERE id = '123'
80,SELECT * FROM wine
81,SELECT * FROM wine WHERE id = '123'
82,SELECT * FROM wine
83,SELECT * FROM wine WHERE id = '123'
84,SELECT * FROM wine
85,SELECT * FROM wine WHERE id = '123'
86,SELECT * FROM wine
87,SELECT * FROM wine WHERE id = '123'
88,SELECT * FROM wine
89,SELECT * FROM wine WHERE id = '123'
90,SELECT * FROM wine
91,SELECT * FROM wine
92,SELECT * FROM wine WHERE id = '123'
93,SELECT * FROM wine WHERE id = '123'
94,SELECT * FROM wine
95,SELECT * FROM wine WHERE id = '123'
96,SELECT * FROM wine
97,SELECT * FROM wine WHERE id = '123'
98,SELECT * FROM wine
99,SELECT * FROM wine WHERE id = '123'
100,SELECT * FROM wine
101,SELECT * FROM wine WHERE id = '123'
102,SELECT * FROM wine
103,SELECT * FROM wine
104,SELECT * FROM wine WHERE id = '123'
105,SELECT * FROM wine
106,SELECT * FROM wine WHERE id = '123'
107,SELECT * FROM wine WHERE id = '123'
108,SELECT * FROM wine
109,SELECT * FROM wine WHERE id = '123'
110,SELECT * FROM wine
111,SELECT * FROM wine
112,SELECT * FROM wine WHERE id = '123'
113,SELECT * FROM wine WHERE id = '123'
114,SELECT * FROM wine
115,SELECT * FROM wine WHERE id = '123'
116,SELECT * FROM wine
117,SELECT * FROM wine WHERE id = '123'
118,SELECT * FROM wine
119,SELECT * FROM wine WHERE id = '123'
120,SELECT * FROM wine
121,SELECT * FROM wine WHERE id = '123'
122,SELECT * FROM wine
123,SELECT * FROM wine
124,SELECT * FROM wine WHERE id = '123'
125,SELECT * FROM wine
126,SELECT * FROM wine WHERE id = '123'
127,SELECT * FROM wine WHERE id = '123'
128,SELECT * FROM wine
129,SELECT * FROM wine WHERE id = '123'
130,SELECT * FROM wine
131,SELECT * FROM wine WHERE id = '123'
132,SELECT * FROM wine
133,SELECT * FROM wine WHERE id = '123'
134,SELECT * FROM wine
135,SELECT * FROM wine
136,SELECT * FROM wine WHERE id = '123'
137,SELECT * FROM wine
138,SELECT * FROM wine WHERE id = '123'
139,SELECT * FROM wine WHERE id = '123'
140,SELECT * FROM wine
141,SELECT * FROM wine WHERE id = '123'
142,SELECT * FROM wine
143,SELECT * FROM wine
144,SELECT * FROM wine WHERE id = '123'
145,SELECT * FROM wine WHERE id = '123'
146,SELECT * FROM wine
147,SELECT * FROM wine WHERE id = '123'
148,SELECT * FROM wine
149,SELECT * FROM wine WHERE id = '123'
150,SELECT * FROM wine
151,SELECT * FROM wine WHERE id = '123'
152,SELECT * FROM wine
153,SELECT * FROM wine
154,SELECT * FROM wine WHERE id = '123'
155,SELECT * FROM wine WHERE id = '123'
156,SELECT * FROM wine
157,SELECT * FROM wine WHERE id = '123'
158,SELECT * FROM wine
159,SELECT * FROM wine WHERE id = '123'
160,SELECT * FROM wine
161,SELECT * FROM wine
162,SELECT * FROM wine WHERE id = '123'
163,SELECT * FROM wine
164,SELECT * FROM wine WHERE id = '123'
165,SELECT * FROM wine
166,SELECT * FROM wine WHERE id = '123'
167,SELECT * FROM wine
168,SELECT * FROM wine WHERE id = '123'
169,SELECT * FROM wine WHERE id = '123'
170,SELECT * FROM wine
171,SELECT * FROM wine WHERE id = '123'
172,SELECT * FROM wine
173,SELECT * FROM wine WHERE id = '123'
174,SELECT * FROM wine
175,SELECT * FROM wine WHERE id = '123'
176,SELECT * FROM wine
177,SELECT * FROM wine
178,SELECT * FROM wine WHERE id = '123'
179,SELECT * FROM wine
180,SELECT * FROM wine WHERE id = '123'
181,SELECT * FROM wine WHERE id = '123'
182,SELECT * FROM wine
183,SELECT * FROM wine
184,SELECT * FROM wine WHERE id = '123'
185,SELECT * FROM wine WHERE id = '123'
186,SELECT * FROM wine
187,SELECT * FROM wine WHERE id = '123'
188,SELECT * FROM wine
189,SELECT * FROM wine WHERE id = '123'
190,SELECT * FROM wine
191,SELECT * FROM wine WHERE id = '123'
192,SELECT * FROM wine
193,SELECT * FROM wine
194,SELECT * FROM wine WHERE id = '123'
195,SELECT * FROM wine WHERE id = '123'
196,SELECT * FROM wine
197,SELECT * FROM wine
198,SELECT * FROM wine WHERE id = '123'
199,SELECT * FROM wine WHERE id = '123'
200,SELECT * FROM wine
201,SELECT * FROM wine WHERE id = '123'
202,SELECT * FROM wine
203,SELECT * FROM wine WHERE id = '123'
204,SELECT * FROM wine
205,SELECT * FROM wine WHERE id = '123'
206,SELECT * FROM wine
207,SELECT * FROM wine WHERE id = '123'
208,SELECT * FROM wine
209,SELECT * FROM wine
210,SELECT * FROM wine WHERE id = '123'
211,SELECT * FROM wine WHERE id = '123'
212,SELECT * FROM wine
213,SELECT * FROM wine WHERE id = '123'
214,SELECT * FROM wine
215,SELECT * FROM wine WHERE id = '123'
216,SELECT * FROM wine
217,SELECT * FROM wine WHERE id = '123'
218,SELECT * FROM wine
219,SELECT * FROM wine WHERE id = '123'
220,SELECT * FROM wine
221,SELECT * FROM wine WHERE id = '123'
222,SELECT * FROM wine
223,SELECT * FROM wine WHERE id = '123'
224,SELECT * FROM wine
225,SELECT * FROM wine
226,SELECT * FROM wine WHERE id = '123'
227,SELECT * FROM wine WHERE id = '123'
228,SELECT * FROM wine
229,SELECT * FROM wine WHERE id = '123'
230,SELECT * FROM wine
231,SELECT * FROM wine
232,SELECT * FROM wine WHERE id = '123'
233,SELECT * FROM wine WHERE id = '123'
234,SELECT * FROM wine
235,SELECT * FROM wine WHERE id = '123'
236,SELECT * FROM wine
237,SELECT * FROM wine WHERE id = '123'
238,SELECT * FROM wine
239,SELECT * FROM wine
240,SELECT * FROM wine WHERE id = '123'
241,SELECT * FROM wine WHERE id = '123'
242,SELECT * FROM wine
243,SELECT * FROM wine WHERE id = '123'
244,SELECT * FROM wine
245,SELECT * FROM wine WHERE id = '123'
246,SELECT * FROM wine
247,SELECT * FROM wine WHERE id = '123'
248,SELECT * FROM wine
249,SELECT * FROM wine
250,SELECT * FROM wine WHERE id = '123'
251,SELECT * FROM wine WHERE id = '123'
252,SELECT * FROM wine
253,SELECT * FROM wine
254,SELECT * FROM wine WHERE id = '123'
255,SELECT * FROM wine WHERE id = '123'
256,SELECT * FROM wine
257,SELECT * FROM wine WHERE id = '123'
258,SELECT * FROM wine
259,SELECT * FROM wine WHERE id = '123'
260,SELECT * FROM wine
261,SELECT * FROM wine
262,SELECT * FROM wine WHERE id = '123'
263,SELECT * FROM wine WHERE id = '123'
264,SELECT * FROM wine
265,SELECT * FROM wine
266,SELECT * FROM wine WHERE id = '123'
267,SELECT * FROM wine WHERE id = '123'
268,SELECT * FROM wine
269,SELECT * FROM wine
270,SELECT * FROM wine WHERE id = '123'
271,SELECT * FROM wine WHERE id = '123'
272,SELECT * FROM wine
273,SELECT * FROM wine WHERE id = '123'
274,SELECT * FROM wine
275,SELECT * FROM wine WHERE id = '123'
276,SELECT * FROM wine
277,SELECT * FROM wine WHERE id = '123'
278,SELECT * FROM wine
279,SELECT * FROM wine WHERE id = '123'
280,SELECT * FROM wine
281,SELECT * FROM wine WHERE id = '123'
282,SELECT * FROM wine
283,SELECT * FROM wine WHERE id = '123'
284,SELECT * FROM wine
285,SELECT * FROM wine WHERE id = '123'
286,SELECT * FROM wine
287,SELECT * FROM wine
288,SELECT * FROM wine WHERE id = '123'
289,SELECT * FROM wine
290,SELECT * FROM wine WHERE id = '123'
291,SELECT * FROM wine
292,SELECT * FROM wine WHERE id = '123'
293,SELECT * FROM wine WHERE id = '123'
294,SELECT * FROM wine
295,SELECT * FROM wine WHERE id = '123'
296,SELECT * FROM wine
297,SELECT * FROM wine WHERE id = '123'
298,SELECT * FROM wine
299,SELECT * FROM wine
300,SELECT * FROM wine WHERE id = '123'
301,SELECT * FROM wine WHERE id = '123'
302,SELECT * FROM wine
303,SELECT * FROM wine
304,SELECT * FROM wine WHERE id = '123'
305,SELECT * FROM wine WHERE id = '123'
306,SELECT * FROM wine
307,SELECT * FROM wine WHERE id = '123'
308,SELECT * FROM wine
309,SELECT * FROM wine WHERE id = '123'
310,SELECT * FROM wine
311,SELECT * FROM wine WHERE id = '123'
312,SELECT * FROM wine
313,SELECT * FROM wine WHERE id = '123'
314,SELECT * FROM wine
315,SELECT * FROM wine
316,SELECT * FROM wine WHERE id = '123'
317,SELECT * FROM wine
318,SELECT * FROM wine WHERE id = '123'
319,SELECT * FROM wine WHERE id = '123'
320,SELECT * FROM wine
321,SELECT * FROM wine WHERE id = '123'
322,SELECT * FROM wine
323,SELECT * FROM wine WHERE id = '123'
324,SELECT * FROM wine
325,SELECT * FROM wine WHERE id = '123'
326,SELECT * FROM wine
327,SELECT * FROM wine WHERE id = '123'
328,SELECT * FROM wine
329,SELECT * FROM wine
330,SELECT * FROM wine WHERE id = '123'
331,SELECT * FROM wine WHERE id = '123'
332,SELECT * FROM wine
333,SELECT * FROM wine
334,SELECT * FROM wine WHERE id = '123'
335,SELECT * FROM wine WHERE id = '123'
336,SELECT * FROM wine
337,SELECT * FROM wine WHERE id = '123'
338,SELECT * FROM wine
339,SELECT * FROM wine WHERE id = '123'
340,SELECT * FROM wine
341,SELECT * FROM wine WHERE id = '123'
342,SELECT * FROM wine
343,SELECT * FROM wine WHERE id = '123'
344,SELECT * FROM wine
345,SELECT * FROM wine
346,SELECT * FROM wine WHERE id = '123'
347,SELECT * FROM wine
348,SELECT * FROM wine WHERE id = '123'
349,SELECT * FROM wine WHERE id = '123'
350,SELECT * FROM wine
351,SELECT * FROM wine WHERE id = '123'
352,SELECT * FROM wine
353,SELECT * FROM wine WHERE id = '123'
354,SELECT * FROM wine
355,SELECT * FROM wine
356,SELECT * FROM wine WHERE id = '123'
357,SELECT * FROM wine
358,SELECT * FROM wine WHERE id = '123'
359,SELECT * FROM wine WHERE id = '123'
360,SELECT * FROM wine
361,SELECT * FROM wine WHERE id = '123'
362,SELECT * FROM wine
363,SELECT * FROM wine WHERE id = '123'
364,SELECT * FROM wine
365,SELECT * FROM wine
366,SELECT * FROM wine WHERE id = '123'
367,SELECT * FROM wine
368,SELECT * FROM wine WHERE id = '123'
369,SELECT * FROM wine WHERE id = '123'
370,SELECT * FROM wine
371,SELECT * FROM wine WHERE id = '123'
372,SELECT * FROM wine
373,SELECT * FROM wine
374,SELECT * FROM wine WHERE id = '123'
375,SELECT * FROM wine WHERE id = '123'
376,SELECT * FROM wine
377,SELECT * FROM wine WHERE id = '123'
378,SELECT * FROM wine
379,SELECT * FROM wine
380,SELECT * FROM wine WHERE id = '123'
381,SELECT * FROM wine WHERE id = '123'
382,SELECT * FROM wine
383,SELECT * FROM wine WHERE id = '123'
384,SELECT * FROM wine
385,SELECT * FROM wine WHERE id = '123'
386,SELECT * FROM wine
387,SELECT * FROM wine
388,SELECT * FROM wine WHERE id = '123'
389,SELECT * FROM wine
390,SELECT * FROM wine WHERE id = '123'
391,SELECT * FROM wine WHERE id = '123'
392,SELECT * FROM wine
393,SELECT * FROM wine WHERE id = '123'
394,SELECT * FROM wine
395,SELECT * FROM wine WHERE id = '123'
396,SELECT * FROM wine
397,SELECT * FROM wine WHERE id = '123'
398,SELECT * FROM wine
399,SELECT * FROM wine WHERE id = '123'
400,SELECT * FROM wine
401,SELECT * FROM wine WHERE id = '123'
402,SELECT * FROM wine
403,SELECT * FROM wine WHERE id = '123'
404,SELECT * FROM wine
405,SELECT * FROM wine
406,SELECT * FROM wine WHERE id = '123'
407,SELECT * FROM wine WHERE id = '123'
408,SELECT * FROM wine
409,SELECT * FROM wine
410,SELECT * FROM wine WHERE id = '123'
411,SELECT * FROM wine WHERE id = '123'
412,SELECT * FROM wine
413,SELECT * FROM wine WHERE id = '123'
414,SELECT * FROM wine
415,SELECT * FROM wine WHERE id = '123'
416,SELECT * FROM wine
417,SELECT * FROM wine WHERE id = '123'
418,SELECT * FROM wine
419,SELECT * FROM wine
420,SELECT * FROM wine WHERE id = '123'
421,SELECT * FROM wine WHERE id = '123'
422,SELECT * FROM wine
423,SELECT * FROM wine WHERE id = '123'
424,SELECT * FROM wine
425,SELECT * FROM wine
426,SELECT * FROM wine WHERE id = '123'
427,SELECT * FROM wine WHERE id = '123'
428,SELECT * FROM wine
429,SELECT * FROM wine WHERE id = '123'
430,SELECT * FROM wine
431,SELECT * FROM wine
432,SELECT * FROM wine WHERE id = '123'
433,SELECT * FROM wine
434,SELECT * FROM wine WHERE id = '123'
435,SELECT * FROM wine
436,SELECT * FROM wine WHERE id = '123'
437,SELECT * FROM wine WHERE id = '123'
438,SELECT * FROM wine
439,SELECT * FROM wine
440,SELECT * FROM wine WHERE id = '123'
441,SELECT * FROM wine WHERE id = '123'
442,SELECT * FROM wine
443,SELECT * FROM wine WHERE id = '123'
444,SELECT * FROM wine
445,SELECT * FROM wine WHERE id = '123'
446,SELECT * FROM wine
447,SELECT * FROM wine
448,SELECT * FROM wine WHERE id = '123'
449,SELECT * FROM wine WHERE id = '123'
